{
  "accuracy": 0.7133333333333334,
  "precision": 0.6828992072480181,
  "recall": 0.9663461538461539,
  "f1": 0.8002654280026543,
  "confusion_matrix": [
    [
      146,
      280
    ],
    [
      21,
      603
    ]
  ],
  "roc_auc": 0.8934370109546165,
  "per_class": {
    "precision": [
      0.874251497005988,
      0.6828992072480181
    ],
    "recall": [
      0.3427230046948357,
      0.9663461538461539
    ],
    "f1": [
      0.4924114671163575,
      0.8002654280026543
    ],
    "support": [
      426,
      624
    ]
  }
}