{
  "accuracy": 0.9857142857142858,
  "precision": 0.9856459330143541,
  "recall": 0.9903846153846154,
  "f1": 0.988009592326139,
  "confusion_matrix": [
    [
      417,
      9
    ],
    [
      6,
      618
    ]
  ],
  "roc_auc": 0.9923972252317323
}