{"weights": [1.1851144497925448, -0.6256713197405872, -0.05081277566625122, -0.37717891696343797], "bias": 0.45575364585320227, "min_vals": [7, 0, 0, 0], "max_vals": [1778, 100, 149, 30]}